hash,uris,meta_hash,meta_uris,license_hash,license_uris,edition_number,edition_total

621eb7a1d91f3b2837aebb766b5c55e239af6aa8e0e329bfcaad7eaf91c58fc2,https://placekitten.com/611/863,4297dd0cc24f1868fa990ae4f746829567447bce19cbaa132b2a6d408c2f648a,https://www.beltran-mack.org/,d731e66c24ab69439d41c08d7d2c7fcf8c38d8bc2b2b7d78664d9a3da1dbea59,https://morales.biz/,1,1

09448102b4b7137cff16243aedf511f8c06c456dd1d244e2c2a241dc86a8c654,https://picsum.photos/708/464,5ddef126ec20ace1e00720b347452d1fc7899ff1f731ba28f2584346c7a8b7a1,http://www.dodson.biz/,de5178666dd49dd0a48848bea3e180736c26c17408b9cfc248cd469129f243e3,https://www.mendoza-shields.info/,1,1

0cb151108d4bc3d31ffd5347e2f53442bde9e239138de941edac41b628ed9002,https://placeimg.com/151/751/any,64f19ec9ddc9e95e37d60aea7b2735038f0922295e85bbc9c2025c23f31b0da0,http://www.miller.net/,e327ad810b2679f367cf7df7d69b01fc9e9e86454723f20681040afdab22bd0c,http://stone.com/,1,1

67131d97c3da2846908c150bca7660246a186f812d91121120875a49d8561e13,https://picsum.photos/161/777,24bf32b6bfd8d31c676902505259a5bec57ea9051c31a0faf9f635c4bd5eab1f,https://ramos.com/,d50ea43ff6f6136fcb8431ef95fb67ae6c6c3392336260e78a05f0c16844f193,http://www.martin.com/,1,1

cb34b3ffbf740dbe4915071f1a1e95f2b6cdbf3267e127dc1f55129d81c3a4b0,https://dummyimage.com/907x767,662b4b0010796406696cf40aa1d93714f72db2a7b1c99d70bf9cfa18d72aa072,https://crosby-walker.biz/,272e0b87c20307fac38410448671f9e2917b08f66e9ca142aac0b9480717f612,http://chavez.com/,1,1
